file,group
p01_orig.jpg,p01
p01_identical.jpg,p01
p01_resized.jpg,p01
p01_recompressed.jpg,p01
p02_orig.jpg,p02
p02_identical.jpg,p02
p02_resized.jpg,p02
p02_recompressed.jpg,p02
p03_orig.jpg,p03
p03_identical.jpg,p03
p03_resized.jpg,p03
p03_recompressed.jpg,p03
p04_orig.jpg,p04
p04_identical.jpg,p04
p04_resized.jpg,p04
p04_recompressed.jpg,p04
p05_orig.jpg,p05
p05_identical.jpg,p05
p05_resized.jpg,p05
p05_recompressed.jpg,p05
p06_orig.jpg,p06
p06_identical.jpg,p06
p06_resized.jpg,p06
p06_recompressed.jpg,p06
p07_orig.jpg,p07
p07_identical.jpg,p07
p07_resized.jpg,p07
p07_recompressed.jpg,p07
p08_orig.jpg,p08
p08_identical.jpg,p08
p08_resized.jpg,p08
p08_recompressed.jpg,p08
p09_orig.jpg,p09
p09_identical.jpg,p09
p09_resized.jpg,p09
p09_recompressed.jpg,p09
p10_orig.jpg,p10
p10_identical.jpg,p10
p10_resized.jpg,p10
p10_recompressed.jpg,p10
p11_orig.jpg,p11
p11_identical.jpg,p11
p11_resized.jpg,p11
p11_recompressed.jpg,p11
p12_orig.jpg,p12
p12_identical.jpg,p12
p12_resized.jpg,p12
p12_recompressed.jpg,p12
p13_orig.jpg,p13
p13_identical.jpg,p13
p13_resized.jpg,p13
p13_recompressed.jpg,p13
p14_orig.jpg,p14
p14_identical.jpg,p14
p14_resized.jpg,p14
p14_recompressed.jpg,p14
p15_orig.jpg,p15
p15_identical.jpg,p15
p15_resized.jpg,p15
p15_recompressed.jpg,p15
p16_orig.jpg,p16
p16_identical.jpg,p16
p16_resized.jpg,p16
p16_recompressed.jpg,p16
p17_orig.jpg,p17
p17_identical.jpg,p17
p17_resized.jpg,p17
p17_recompressed.jpg,p17
p18_orig.jpg,p18
p18_identical.jpg,p18
p18_resized.jpg,p18
p18_recompressed.jpg,p18
p19_orig.jpg,p19
p19_identical.jpg,p19
p19_resized.jpg,p19
p19_recompressed.jpg,p19
p20_orig.jpg,p20
p20_identical.jpg,p20
p20_resized.jpg,p20
p20_recompressed.jpg,p20
